{
  "trained_at": "2026-02-08T22:06:06.762449",
  "n_samples": 51888,
  "n_features": 1294,
  "test_r2": 0.9559501032463682,
  "test_rmse": 1142231.8691915195,
  "val_r2": 0.9624519107162881,
  "val_rmse": 1052239.9066365818,
  "categories": [
    0,
    1,
    2,
    10,
    15,
    17,
    19,
    20,
    22,
    23,
    24,
    25,
    26,
    27,
    28
  ],
  "subscriber_ranges": [
    "0-1K",
    "100K-250K",
    "10K-50K",
    "10M+",
    "1K-10K",
    "1M-10M",
    "250K-500K",
    "500K-1M",
    "50K-100K"
  ]
}